id,name,gender,birth_date,age,age_group
e47b3b7b-605e-4d77-8a74-68d0c9ec0e55,고옥순,female,1982-08-05,43,40대 이상
ad7b4cec-3b73-4c1b-98b7-a4c48765e89a,최정자,female,1987-04-18,38,30대
40ecc087-9abf-4ef6-a13e-66eb74d1f5e1,조혜진,male,1984-04-15,41,40대 이상
d1e7ac41-9681-43f2-ae27-1fbdcd45154d,정정순,female,1994-03-03,31,30대
fcf6bfbd-9c82-48b2-9800-bf1c84422faf,김상현,male,1971-10-02,54,40대 이상
c30557c0-f475-40e6-a416-400152125a19,이시우,male,1988-09-17,37,30대
40ab03d8-70cc-4134-bb60-d8e95eb30d50,김지현,male,2001-01-03,24,20대
3a8352b9-0b00-4a31-8bf2-18b8f93e6f7b,장종수,female,1983-06-29,42,40대 이상
3e09d50c-c4e6-4f60-b5dd-f844b893328f,박시우,male,2004-02-13,21,20대
da6832d9-5cd0-417c-a37e-0f3c892e041f,오아름,female,1979-04-13,46,40대 이상
04965aec-64fe-4cb0-994e-987b52041cfb,이민지,male,1995-12-08,29,20대
ba3be2fe-15f4-49ca-b068-a3ed378bc758,김영수,male,1972-06-02,53,40대 이상
93228e66-e6a9-4f1b-8b99-e6ce84f6e3b0,허미숙,female,1996-03-09,29,20대
bf7b6495-7fab-4ec4-a7e1-b4075996139e,이건우,male,1983-01-13,42,40대 이상
b93f7b35-1a99-490e-ae8c-45b5a5d6e6b9,이영철,female,1992-03-29,33,30대
13a8a3ac-c011-494b-9d4f-2b471256c858,김성수,female,1972-03-02,53,40대 이상
39155d40-091d-4360-9188-021ea694b6a7,김승민,male,1994-02-11,31,30대
d8663671-e560-4101-b8ca-85c9496e99a4,이하윤,male,1981-08-24,44,40대 이상
e370a951-0d8d-40a4-bac2-ef1c65166d8c,박성훈,male,1984-05-21,41,40대 이상
ec753bd1-b97e-4a35-b3e7-f8616fd10ce3,고민재,male,2002-06-14,23,20대
0960da62-3986-4ea9-9366-87bfeb629359,박성호,male,1971-04-12,54,40대 이상
caca5bdb-fdce-4931-ad3a-4f1d0fd18128,이혜진,female,1972-10-27,52,40대 이상
44c8e450-75a7-4834-bd27-700334c739a6,박은서,female,2002-12-19,22,20대
6b354300-938e-4f41-b16a-e8f0c3923034,김영미,female,1982-11-08,42,40대 이상
5740a216-88be-4a01-83fe-7751e149b0e5,구건우,female,1997-02-07,28,20대
9c3d5d64-0862-40ed-a798-368ba61f1193,김영진,male,1972-08-27,53,40대 이상
a05262c4-9070-4b0d-b992-e1d9e071ea5e,김정자,female,1981-11-09,43,40대 이상
99379e3a-68d7-40fb-9c9a-c436504b175b,윤서현,male,1992-03-13,33,30대
42adaca6-37c1-4d99-b522-30723bec0b15,김진우,female,2000-04-24,25,20대
57310762-dd20-42ab-bd32-fefaa957b4a0,김서준,male,1985-10-31,39,30대
aa082933-96ba-453a-bc6a-16d042475990,이수민,male,1999-12-18,25,20대
f486d540-22e4-4e3e-9fc1-31411456679f,우상훈,female,2003-12-17,21,20대
e197374d-309b-4f6d-a072-3de0088dc206,김수민,female,1977-12-31,47,40대 이상
7e6b312b-2aaf-4b5f-9d9c-8636cad9c4f2,박정웅,male,1977-02-02,48,40대 이상
e9d44c5d-3745-494b-ad2e-d747e4409595,김지영,male,2003-04-19,22,20대
e8f1c20f-b7f9-4794-bcda-9e76806cb4d1,이승현,female,1984-05-25,41,40대 이상
bd915223-4786-4777-8082-d446783b7438,이상호,male,1999-01-02,26,20대
2a1a4b1a-cc2a-425e-8d95-98ed0b78cea0,김서준,female,1985-03-14,40,40대 이상
91787210-680a-4355-a21f-ebd324a8610a,류예원,female,2001-03-12,24,20대
0d8feba5-93c1-4e19-8dc7-9c629b7adfd4,김현준,female,2002-02-01,23,20대
32594c3b-f871-4312-acaa-77568ed0e30e,박춘자,male,1976-03-19,49,40대 이상
a32408e1-5007-43f1-9de3-5cd3c2e7206c,김준영,male,2005-02-13,20,20대
a63a3d4a-b909-4729-ac2f-88ab00cd4261,김영희,male,1978-03-28,47,40대 이상
8bcbab6a-a2ed-4861-9eba-10df4533f2e7,김준서,female,1977-10-16,47,40대 이상
ee60a38a-1baf-45de-b5fb-9d5762f5e6b9,최종수,male,1971-06-01,54,40대 이상
2569f043-d2c8-47ff-b7b7-8eb84a3f739c,권상현,female,2000-12-21,24,20대
ffeef0c5-f654-4987-bb5a-f9ba74d6784b,최종수,female,2003-02-06,22,20대
301430ef-380f-4969-8af8-59a9ee70f91f,김정남,male,1995-04-29,30,30대
cc9856be-f279-494a-96aa-2de546933b17,윤민준,female,1987-12-31,37,30대
40c450ca-8954-48c0-8fcd-12426ef18263,박예진,female,1990-05-27,35,30대
11ef57f7-1b6d-4e41-9cf8-a3dee59f899d,이상훈,male,1999-12-30,25,20대
625db739-e987-48e5-98e6-b138af3687ce,박영철,male,1970-01-01,55,40대 이상
65b1d0d6-5dad-4dec-b457-fae49a404302,박춘자,female,1974-08-25,51,40대 이상
b360bfba-e20d-4172-b25d-091ca1371381,박준혁,female,1994-12-12,30,30대
3a41ced9-8663-4459-941b-2e3bffbc3194,문시우,female,1995-11-25,29,20대
aadd8dfa-e404-4e4b-9931-be247f1b30a0,박승현,male,1988-10-21,36,30대
296daed3-189b-4b04-8a41-33c5137639e1,강현준,male,1971-03-17,54,40대 이상
debae0db-f793-43a5-aa9e-a383cfe712f5,최수민,male,1994-12-19,30,30대
34241173-0689-4981-b737-4a8977005c8c,조옥자,male,1997-07-02,28,20대
6d59b285-24af-4b13-ae54-d22aee793b38,차보람,male,1976-11-15,48,40대 이상
82cdeff1-9917-41c7-83c9-2b774d3184b0,황명숙,male,2002-11-05,22,20대
22a7a21e-dfb3-4eb7-90a1-5f8ca8efa786,성은주,female,1984-02-24,41,40대 이상
743f30aa-1d89-4998-abff-8b8611c87468,이경자,female,1981-04-18,44,40대 이상
ca17df6f-6ceb-4365-b1bc-ccbb78857cba,김민준,female,1986-12-17,38,30대
156a6703-a4fc-41c4-b3de-c1b687d0dd01,윤중수,female,1984-04-11,41,40대 이상
156eaf5f-a9df-4d4f-935d-0b7e6e0d2cfc,김은서,male,1986-05-14,39,30대
2c2b7b58-85a9-4121-a6af-1d2d25f6ab40,박윤서,female,2002-07-25,23,20대
3ada3329-74c1-46bc-85f5-c5ea454f14fa,이서준,male,1984-08-27,41,40대 이상
13efa9c7-389e-4583-bdec-f5e6a3dec202,고영환,female,1976-04-15,49,40대 이상
5c0f1c90-266c-4766-95c2-07195cf2c065,홍명숙,female,1973-10-27,51,40대 이상
601c7d7a-a9fe-4837-92a6-9590166c54af,김성호,male,1994-10-28,30,30대
99119da6-2792-4983-9a40-27ba56ad707b,윤하은,female,1971-10-12,54,40대 이상
883dda76-ac26-4d90-8962-7ea6845af222,이은주,male,1971-10-10,54,40대 이상
825169b5-6269-4024-abff-31ea1f1ebcb7,강서준,female,1999-12-10,25,20대
b4939347-1428-435f-9a0a-abd4aa168d01,김서연,female,1975-11-08,49,40대 이상
b6efba05-054d-4e15-a072-c1e780ddef05,구지후,male,1972-04-21,53,40대 이상
8a417df8-fc2b-42a0-bb08-4602f1c1b64b,박종수,male,1992-01-21,33,30대
0ba2015d-6102-4e24-a429-04e8abb48a60,최현정,female,1999-06-06,26,20대
2a547f33-7de8-46ba-8ef0-5db818c5de88,이우진,male,1998-05-03,27,20대
7d6f9498-87aa-4e5c-b238-f5b498fd60aa,이지원,male,1972-04-19,53,40대 이상
852fe05b-6ca2-4e66-9890-4aa952e6516b,김영일,female,1983-12-06,41,40대 이상
cd039ee4-a95a-4e0e-95fc-8467949b58b9,박은경,female,1982-10-17,42,40대 이상
57dd83b5-0028-4907-90bb-0c0df7bd865b,김시우,male,2005-06-07,20,20대
4c1b4aa1-3943-4f26-b234-c12f9ec84d5f,이영일,male,2002-10-04,23,20대
6d192ee3-0572-43f5-9c12-d9f63349622f,박영숙,female,2001-08-17,24,20대
d2f3c47a-4538-4f0d-8cab-431fd57e1dcb,김성민,male,1998-12-09,26,20대
f70cf254-80cc-4fa7-b099-666b036c6652,엄지원,female,1983-08-05,42,40대 이상
0c5ca85a-7699-4ccf-84ff-524e203f6350,류영순,male,1977-07-27,48,40대 이상
9902ab60-74f8-4a47-9e91-f37b77729d4d,나예지,female,1987-10-25,37,30대
27e84585-3c8d-46a8-b24d-61728d88fa5a,강성민,female,1997-03-14,28,20대
a6b400fd-ce04-41cc-8dc9-978e9c67ecb2,김현정,male,1987-08-28,38,30대
bdbeab94-0629-4e2c-b52c-f6091ef57f70,박정호,male,1999-09-22,26,20대
399523e4-0858-4ccf-aa1d-cd1492e613d8,김하윤,female,1994-02-26,31,30대
10722007-bf5a-4085-9c34-2abb80260b0f,이성민,female,1990-03-06,35,30대
54810585-c7c8-46d7-8388-21864c498923,김은지,male,2000-11-14,24,20대
6250a727-8b9e-466f-9ef0-77df0f73694e,이광수,male,1991-01-06,34,30대
ea4c2178-f9ed-44c3-b37c-720fd5fd9b40,김시우,male,1991-06-09,34,30대
d02a4d1a-7489-42a8-ae75-33b96838052d,윤경숙,male,1985-05-06,40,40대 이상
63b20acf-e66c-4e7f-b657-92b51c72ddf5,류영길,male,1971-04-21,54,40대 이상
ef34f7c6-020a-407f-9ab4-81a8d791ccb3,김병철,female,1987-07-22,38,30대
be6c37a6-f46c-471f-bb90-02350ca4ea90,권명숙,female,1996-07-07,29,20대
566dda71-20e8-4844-849b-a9627d51c518,김재호,male,1985-01-04,40,40대 이상
ebe927bf-31da-407e-8bde-7bd1667d710f,강은주,female,2000-01-17,25,20대
6fd90d48-7d6a-44d4-b7e9-e1c7909fcd4c,박현정,male,1996-09-26,29,20대
21084c69-c177-43af-b426-5f51a5ed5938,이서준,male,1970-08-16,55,40대 이상
f9e7780d-2335-49f8-bbe0-e746e1609a8c,배진우,female,2004-06-05,21,20대
cc96f113-ea0f-4bbd-a602-a4569e59fade,김수빈,male,1975-08-18,50,40대 이상
56a2bf19-9ec2-49d4-9b67-2b3e658cb271,심수빈,female,1983-05-24,42,40대 이상
a2a2b219-7b30-4907-a42b-4aaf373683ed,김영순,male,1989-05-14,36,30대
65f9c14f-9f33-42f6-8068-bc2635a586f8,강아름,male,1973-10-16,51,40대 이상
5f4cf150-58df-4dd5-86a7-de90c12545d5,최아름,male,1976-02-02,49,40대 이상
04f0a65f-c28c-43c9-b30f-1205afd59fa5,이중수,female,1995-03-25,30,30대
344e29cc-e7a3-4238-a933-6120524d1357,강현우,female,1990-06-05,35,30대
0a34cf0e-5c65-4059-882a-719baaaa40f5,류서영,male,1977-03-20,48,40대 이상
da71289d-8bef-4826-8f6c-8e6faa3321f4,최진우,female,1992-09-22,33,30대
5fdbb01c-7849-43ee-bdc5-0c347d4dd71b,진서연,male,1987-12-21,37,30대
c3935bb3-0879-44e8-8899-bd2edc9e24e0,이정숙,male,1977-04-21,48,40대 이상
83733ee1-0e77-4f30-add8-ed0af437d9ee,이명자,female,1980-06-17,45,40대 이상
9797c58c-aca1-403b-82ac-730fb7d96c21,김진우,male,1974-06-07,51,40대 이상
2523a49a-dc25-4378-b62a-6a3cb87ffacc,안지민,female,1975-04-18,50,40대 이상
689fab31-8861-4357-95d9-bd12e71662bc,이지연,male,2004-03-16,21,20대
70d68496-77d6-41b9-ae10-1872309c8b12,황현숙,female,1986-05-17,39,30대
546853b2-48f1-49a2-8c92-5106be4bb876,권미정,female,1987-03-03,38,30대
3a5075c7-17a4-4419-8659-1824c1dd92be,이민수,male,1994-04-19,31,30대
b45a20bc-8f78-444c-a581-4ade7fbac94d,민영자,female,1978-12-28,46,40대 이상
19cc043c-f83f-4216-ba54-57cddf6c89db,이상현,male,1973-05-05,52,40대 이상
0e3debe6-adea-445a-b704-0d34bee3222c,장정수,female,1972-06-28,53,40대 이상
99e23b2f-72c4-4812-b29a-97aa367499eb,강영진,male,1999-08-23,26,20대
b236e6f9-d415-4f61-ba4c-cc902a804942,장영순,female,1995-10-06,30,30대
4f25314a-48ef-4adb-9c1b-862a87ab20f0,구민재,male,1986-10-10,39,30대
e5fb64be-da03-4eb7-a115-60ff0aa3877d,이윤서,female,1977-04-22,48,40대 이상
f9bed728-5879-4f54-9b8b-84e1e112d839,박서현,female,1999-06-05,26,20대
d228dc3e-141e-4bad-88c0-f824efb98ab1,최상철,female,1999-10-18,25,20대
500a0604-8eff-49e1-b9df-a3b03c09d76f,송은서,female,1982-01-30,43,40대 이상
4c74cb9c-6777-4f67-a7b2-39dc80de8961,송민준,male,1976-10-10,49,40대 이상
1cfbfa22-7e15-4167-946f-41a1d8d2bf52,김은주,female,1971-07-16,54,40대 이상
4afbb6b7-852c-4e27-bcef-4dfea118ba0f,이시우,female,1984-02-14,41,40대 이상
82b784c4-029b-4f68-847e-c1c9a0067bd2,권혜진,male,1980-06-17,45,40대 이상
6be2b6b7-48ed-4709-8951-311a7d595ddd,허정순,female,1971-09-01,54,40대 이상
746fdd4a-6588-47ca-8858-60c22a407890,이영순,male,1991-08-18,34,30대
ab822e7c-df7e-4bd1-b0d9-e2226204c845,이수민,female,1983-10-17,41,40대 이상
60478328-a510-4236-80e5-fdb22977c857,구수진,male,2004-12-14,20,20대
6b72781e-3705-44de-bc21-ffc62be122e2,임진호,female,1990-04-26,35,30대
edb56a3b-7fd2-4b27-9101-e320794a6a87,박정수,female,1974-09-11,51,40대 이상
a6fcaed8-64e7-4823-a423-48313b2bb61e,박종수,male,1999-12-15,25,20대
63ccfdf1-3f03-4475-9c09-0b135bad1900,배진우,male,1970-01-24,55,40대 이상
e4242536-6261-460b-89ac-043cbcbbfdfd,이민준,male,1972-06-25,53,40대 이상
0a91114f-57fc-4a41-abcf-b23f764fc5fc,김윤서,male,1982-07-20,43,40대 이상
f6f84d63-51bb-4c95-8e8c-1d7c5ae32469,이민서,female,1994-09-29,31,30대
ab09e364-d6c8-4eab-affa-399c00b54394,이도현,male,1973-11-11,51,40대 이상
611746d7-f059-4dd1-91d0-8f8aeced4c8a,김재현,male,1976-09-07,49,40대 이상
1fab769c-84d3-440f-a393-7739525e0706,이채원,female,1994-07-13,31,30대
b19fddb7-920d-4404-9ddf-10ef35c5eb2d,엄현숙,female,1973-02-05,52,40대 이상
83951115-c7e7-43f1-bbb4-acf9788bc9e8,강수빈,female,1994-10-02,31,30대
7c2fd66a-d0db-4c5b-bb47-1dee9ae29f30,김수진,female,1972-11-30,52,40대 이상
fb6448e1-c3f3-452f-83e1-bc71b6a99dd0,박순자,female,1988-07-19,37,30대
2cf1720a-c2dd-48d4-9757-8f0005f5ddce,김순자,female,1983-08-26,42,40대 이상
766b3ccf-8213-42be-b9f9-b43e6d0ea666,류경자,female,1974-11-09,50,40대 이상
ed39d8d6-510e-4f8b-8a67-03601d17e3cf,박은서,female,1977-10-14,47,40대 이상
737c40be-5a96-40ac-a25f-5dc4bcae52a7,손미경,male,1985-06-20,40,40대 이상
65b5c383-4c7c-4083-8e45-ccf6ea02c5ee,안은지,female,1975-08-23,50,40대 이상
5884cc01-b528-4681-bc87-fcdba1f83457,이성수,female,2002-10-18,22,20대
ad85f9e5-bd55-4d1a-bf01-58f279da7918,황성호,female,1984-04-22,41,40대 이상
500b8134-c95d-42d5-9f28-466be50ee59c,장지우,female,2001-05-24,24,20대
6f2d1531-2c46-499d-945c-493369f083c6,이수빈,male,1992-12-28,32,30대
964c81ee-9e6e-4b2b-b5ac-97587959fe4f,김준혁,female,1992-07-02,33,30대
3daf1886-b321-465e-b37f-fefd89950377,우종수,male,1996-02-18,29,20대
d1c54c1b-e4be-4cbd-be33-d98d69cc7335,박영희,female,1997-11-11,27,20대
18c12843-f3bf-43e2-a567-66ab05a6989d,한준혁,male,1996-03-26,29,20대
f4767336-43f8-42f8-ae5a-04806476cb64,나정훈,male,1980-06-27,45,40대 이상
1f366b70-072b-4ef9-870e-7df604103196,이영숙,female,1972-01-22,53,40대 이상
f4372081-2f4f-452a-9823-fa21ef37c9bf,박은주,male,1995-10-20,29,20대
411fac1f-e37d-40d5-a7b2-8051593017a1,김선영,male,1982-12-15,42,40대 이상
919c800c-da0b-48d1-a29b-a58d889c69ce,이승현,male,1993-05-04,32,30대
1b4bbc7d-c529-4d6b-9961-49bdcf561c4c,김재현,male,1971-07-08,54,40대 이상
0318e7db-97e8-4c38-b715-bb6326f6d85b,윤상철,female,1992-06-06,33,30대
dbbfc75f-5949-4468-8a64-da66702cd0e8,김영수,female,1980-09-05,45,40대 이상
1072ad6b-b9f3-4e48-a853-2297fa6252da,박민수,male,1986-12-28,38,30대
05148ce4-1107-4bb5-b48f-543a55eef352,이경희,male,2005-03-15,20,20대
380a19f4-a583-4952-b555-46b53a15de96,지민준,female,1995-12-28,29,20대
6d71d58a-77d6-4821-8e63-beb9abb3ef0e,김지원,male,1990-10-17,34,30대
78338fe0-1833-40ac-9e92-457d106a0608,서옥순,female,1971-09-11,54,40대 이상
cbb667fc-74f2-4e36-930f-8b14ee47cbee,이성현,male,1983-11-03,41,40대 이상
3676d127-478a-4f42-b37d-0b92a7d4fcb8,정은경,male,1973-04-05,52,40대 이상
497ce3b8-3743-4778-919a-08cef82a34a0,손상호,male,1989-03-28,36,30대
5b62b7dd-dce3-49ab-93b6-8af7c57ef45f,장준혁,male,1978-12-16,46,40대 이상
9071116a-2a13-4843-ba2b-90b87a292312,최채원,male,1973-08-10,52,40대 이상
83522fd2-e1c6-4c28-8e0e-d4d460697cb8,장민재,male,1972-05-17,53,40대 이상
7459dc1a-f27e-4894-8b0f-8f3b9bb6a450,노정순,female,1986-03-27,39,30대
f8313f9a-023c-471c-8ff2-6b3907d597ff,박영순,female,1981-12-11,43,40대 이상
3a0f0853-10e1-4590-9a96-61f96aa3471b,박아름,female,1999-10-11,25,20대
84a3beb1-96c2-4335-822b-228df94ab501,박병철,male,1998-01-05,27,20대
27ef03ce-1196-4374-9914-d5c5d030bca3,김민수,female,1972-05-05,53,40대 이상
b376f2b5-97dd-42a5-9b6d-37d8964c26ca,서서영,female,1977-07-14,48,40대 이상
4cdad72d-d405-48f3-aef3-0c56d4b43f62,김재호,female,1984-07-12,41,40대 이상
716d4b4d-6309-4dd2-8279-32f6b5e1e86a,김영환,male,1970-11-26,54,40대 이상
8098a87e-19c4-47f8-933a-786a45a84dcd,진중수,female,1974-04-16,51,40대 이상
e0ab2f0e-58b8-4f8a-9002-6a474327dc4f,장현지,female,1973-08-16,52,40대 이상
c54354b1-7ab0-449c-9fdf-30a5945de7d3,이성진,male,1973-05-06,52,40대 이상
11bb72b1-d2e2-4d01-b0b2-9e325ac0cf97,노현정,male,1991-09-23,34,30대
